Metabolite	HMDB	KEGG	xref_id	Hot_F1	Hot_F2	Hot_F3	Hot_F4	Hot_P1	Hot_P2	Hot_P3	Hot_P4
Fructose 1,6-bisphosphate	HMDB0001058	C00354	CHEBI:32966	0.534758102	1.067142123	0.905602251	0.868872008	0.156963067	0.616226062	0.589187482	0.284406319
D-Ribulose 1,5-bisphosphate	HMDB0244230	C01182	CHEBI:57870	0.114349647	0.125629049	0.089800927	0.103565299	0.057276809	0.138868604	0.082468195	0.044622125
Citric acid	HMDB0000094	C00158	CHEBI:16947	5.277514699	5.099733951	5.64631031	8.537119468	11.76948933	16.95329287	16.04481062	13.83436606
6-Phosphogluconic acid	HMDB0001316	C00345	CHEBI:58759	2.893969853	2.004483257	1.367119952	1.848026452	2.083931987	3.347242374	2.643492238	1.854295953
Phosphoenolpyruvic acid	HMDB0000263	C00074	CHEBI:58702	0.367212485	0.551239707	0.404098638	0.390303167	0.401892322	0.285379411	0.468034367	0.498086115
3-Phosphoglyceric acid	HMDB0000807	C00597	CHEBI:58272	0.45554336	0.868602005	0.845069678	0.815859465	0.357577254	0.310618607	0.518957663	0.537988133
L-Malic acid	HMDB0000156	C00149	CHEBI:15589	25.8623791	27.09703988	23.83783472	28.86184551	37.70354736	55.86006525	39.77320345	28.32872232
Fumaric acid	HMDB0000134	C00122	CHEBI:29806	9.761185354	9.732600964	8.753250547	11.28070246	15.60580999	25.62625717	16.98127625	11.25046285
Oxoglutaric acid	HMDB0000208	C00026	CHEBI:16810	1.606302625	1.697634947	1.872279966	1.625725578	0.548024884	0.606382222	1.157050817	0.867402941
cis-Aconitic acid	HMDB0000072	C00417	CHEBI:16383	0.34037697	0.378341877	0.378085193	0.463771822	0.329796361	0.326556059	0.353416309	0.289451911
Glucose 6-phosphate	HMDB0001401	C00092	CHEBI:61548	4.102753566	6.841740739	11.27108143	5.254394593	1.490010274	1.344579645	2.29612071	2.594121221
Succinic acid	HMDB0000254	C00042	CHEBI:30031	8.617064664	10.05317898	11.0156119	10.90995011	2.412883578	1.158725451	3.680545548	4.569789925
Dihydroxyacetone phosphate	HMDB0001473	C00111	CHEBI:57642	2.020622206	2.940191986	2.520796227	1.958401627	0.895523672	0.76949219	1.048148125	0.717207845
Uridine diphosphate glucose	HMDB0000286	C00029	CHEBI:58885	2.334271699	2.764595158	2.185883554	2.41582053	0.696361873	0.520402079	1.075871004	1.034769723
Sucrose 6-phosphate	HMDB0301916	C16688	CHEBI:57723	0.213671624	0.269312288	0.372686287	0.343202504	0.186924158	0.201088412	0.50775845	0.371078757
D-Erythrose 4-phosphate	HMDB0001321	C00279	CHEBI:16897	0.333548575	0.529603236	0.597093212	0.643150361	0.307901565	0.279817319	0.4019807	0.411447025
Ribulose 5-phosphate	HMDB0000618	C00199	CHEBI:58121	0.274822291	0.870342467	0.51299786	0.488476143	0.349549237	0.190550676	0.255739244	0.390624425
GDP-glucose	HMDB0003351	C00394	CHEBI:62254	0.068690703	0.07542084	0.081520812	0.078542982	0.020889752	0.016921332	0.022048194	0.023351396
D-Glucuronic acid	HMDB0000127	C00191	CHEBI:58720	0.412994736	0.594471682	0.755939249	0.713968558	0.125743126	0.353033685	0.150647373	0.174978335
Glycolate	-	C00160	CHEBI:29805	1.261557208	1.271268395	1.670469189	1.705476366	0.83566875	1.391096676	1.288784759	1.159341288
ADP-glucose	HMDB0006557	C00498	CHEBI:57498	0.025132858	0.034376785	0.015620607	0.019123373	0.003749104	0.000784556	0.003087184	0.004607414
Pyruvic acid	HMDB0000243	C00022	CHEBI:15361	3.200963318	3.654454029	6.031390585	3.518112844	3.764258227	2.502193656	3.734637605	4.129020429
Spermine	HMDB0001256	C00750	CHEBI:45725	0.000474857	0.000232445	0	0.000303616	0.026427419	0.090040252	0.017430138	0.008500318
Spermidine	HMDB0001257	C00315	CHEBI:57834	0.064702888	0.04742356	0.04201844	0.077200568	0.753997164	1.33300421	0.505763565	0.357257437
Agmatine	HMDB0001432	C00179	CHEBI:58145	0.006443048	0.004460093	0.005911929	0.013333006	0.003097968	0.003455092	0.007037115	0.004984594
N-acetyl spermidine	-	-	CHEBI:58101	0.003106413	0.003830278	0.003150836	0.00563586	0.011823899	0.019694253	0.014020021	0.008403867
S-Adenosylmethionine	HMDB0001185	C00019	CHEBI:59789	0.08922026	0.071753037	0.112906617	0.125490923	0.057112568	0.02446882	0.077691971	0.07984734
L-Lysine	HMDB0000182	C00047	CHEBI:32551	1.593632676	1.446063009	3.30515414	2.454973154	2.125592409	1.763944246	2.231712821	2.24308782
Ornithine	HMDB0000214	C00077	CHEBI:46911	0.057571014	0.067437895	0.136884242	0.169731051	0.109568687	0.084759848	0.226189995	0.198450359
L-Histidine	HMDB0000177	C00135	CHEBI:57595	1.604744764	0.699680188	1.165846854	0.904201457	0.846848627	0.402276175	0.67150377	0.779792454
L-Arginine	HMDB0000517	C00062	CHEBI:32682	0.476677441	0.677417118	0.951978244	0.743149745	0.450290948	0.709921288	0.39056596	0.572142895
Glycine	HMDB0000123	C00037	CHEBI:57305	0.549951571	0.608586247	1.502479309	0.866905918	0.32096158	0.123339383	0.243267486	0.288272185
L-Asparagine	HMDB0000168	C00152	CHEBI:58048	18.35764259	19.29063401	16.77123968	17.03755028	13.12903786	11.99203382	12.78262761	14.34649768
Glycyl-glycine	HMDB0011733	C02037	CHEBI:17201	18.35764259	19.29063401	16.77123968	17.03755028	13.12903786	11.99203382	12.78262761	14.34649768
Argininosuccinic acid	HMDB0000052	C03406	CHEBI:57472	0.091658023	0.063509927	0.218311012	0.108415868	0.03650932	0.030232627	0.033924111	0.032291786
L-Serine	HMDB0000187	C00065	CHEBI:33384	6.518266769	5.560160894	9.477802819	10.41105299	2.95088597	2.147439659	4.752594654	6.03790024
Phosphoserine	HMDB0000272	C01005	CHEBI:57524	0.048594988	0.043032035	0.048798868	0.058651401	0.07768529	0.204107674	0.094906882	0.04532426
L-Glutamine	HMDB0000641	C00064	CHEBI:58359	12.73771955	12.72843507	11.52652362	18.80275293	18.14934374	14.85594994	25.00778008	21.84145123
L-Threonine	HMDB0000167	C00188	CHEBI:57926	7.089405975	6.869651094	6.189043587	6.585476556	5.314016446	4.35127048	5.43757801	5.502666708
L-Aspartic acid	HMDB0000191	C00049	CHEBI:29991	13.47930206	16.21312461	14.62935445	13.67449666	12.42104248	15.35989767	17.68104073	15.28925563
L-Alanine	HMDB0000161	C00041	CHEBI:57972	6.66424823	5.673608001	16.09522428	13.85665789	5.85940294	1.999407088	3.107426938	3.393683544
Gamma-Aminobutyric acid	HMDB0000112	C00334	CHEBI:59888	0.728640636	0.901337938	4.217763483	3.199396064	1.878999896	0.336434104	0.290606084	0.285459081
4-Hydroxyproline	HMDB0000725	C01157	CHEBI:58375	0.064337676	0.137728203	0.058083697	0.087408342	0.016519303	0.02087453	0.026041239	0.016382844
Citrulline	HMDB0000904	C00327	CHEBI:57743	0.07840906	0.065337493	0.041303051	0.045490629	0.06371462	0.038496623	0.045194653	0.034364867
L-Glutamic acid	HMDB0000148	C00025	CHEBI:29985	25.08673638	28.5840825	39.48618949	39.18414491	20.63134171	22.6216501	26.44016764	21.84780879
L-Cysteine	HMDB0000574	C00097	CHEBI:35235	0.093952768	0.147093354	0.129360914	0.156786946	0.052588475	0.04851023	0.049962346	0.083840109
L-Proline	HMDB0000162	C00148	CHEBI:60039	1.626350247	0.815836386	3.429238208	2.59199579	1.012446749	0.421644474	1.271344075	1.416046236
Cytosine	HMDB0000630	C00380	CHEBI:16040	0.150545236	0.14393343	0.290090265	0.312225737	0.089824771	0.016590599	0.015510184	0.013738476
Cytidine	HMDB0000089	C00475	CHEBI:17562	0.142291094	0.125107761	0.212819675	0.250947899	0.04398195	0.015140447	0.015068903	0.017484207
Adenine	HMDB0000034	C00147	CHEBI:16708	0.205209904	0.235718693	0.461812598	0.257748355	0.164994701	0.09504018	0.125979655	0.111482353
Guanine	HMDB0000132	C00242	CHEBI:16235	0.09060758	0.072172975	0.149218508	0.113659302	0.106516748	0.035216197	0.044941223	0.043192045
L-Valine	HMDB0000883	C00183	CHEBI:57762	8.482787345	6.146895524	12.64212872	13.20903718	8.472522714	7.232668219	11.28416471	9.539562765
L-Methionine	HMDB0000696	C00073	CHEBI:57844	0.217271506	0.283009133	1.270158118	0.727399027	1.056866423	0.880628177	1.465389092	1.081831215
Glutamylcysteine	HMDB0028816	-	CHEBI:58173	0.056096328	0.148283301	0.199669772	0.146325519	0.032442744	0.08466931	0.102229003	0.090233597
Uracil	HMDB0000300	C00106	CHEBI:17568	0.435501729	0.634612647	1.373742242	1.549734621	0.498667345	0.074545376	0.074282109	0.089552103
Uridine	HMDB0000296	C00299	CHEBI:16704	0.428155535	0.596568759	1.297876829	1.452845264	0.470480771	0.062855609	0.05964691	0.077922027
N-Acetylglutamic acid	HMDB0001138	C00624	CHEBI:44337	0.078218657	0.081434453	0.131740565	0.118918948	0.201476306	0.195677268	0.150406345	0.122979407
Adenosine	HMDB0000050	C00212	CHEBI:16335	0.567956816	1.299367004	3.040210804	1.973313796	0.413872691	0.150141975	0.118255097	0.105356341
L-Isoleucine	HMDB0000172	C00407	CHEBI:58045	0.850709558	0.571019325	2.517050097	2.041913323	0.849035324	0.463923825	0.916939932	1.011777845
L-Tyrosine	HMDB0000158	C00082	CHEBI:58315	0.622679483	0.304954383	1.218106143	0.854742572	0.622311357	0.399985958	0.443019528	0.395991275
Tyramine	HMDB0000306	C00483	CHEBI:327995	0.024319449	0.067133335	0.066036536	0.082275031	0.199412034	0.510566164	0.83207964	0.406911701
Guanosine	HMDB0000133	C00387	CHEBI:16750	0.081644919	0.112997322	0.176784547	0.224816601	0.101129104	0.039347392	0.020387353	0.034584245
L-Leucine	HMDB0000687	C00123	CHEBI:57427	2.247332021	1.645267134	4.557596934	4.087251359	2.790599885	1.877934673	3.107550219	2.854751347
L-Phenylalanine	HMDB0000159	C00079	CHEBI:58095	1.981302477	1.303334342	2.273509027	1.898486607	1.859078119	1.193289438	1.207696535	1.293319841
L-Tryptophan	HMDB0000929	C00078	CHEBI:57912	0.057164266	0.06217371	0.1250968	0.083717296	0.028402001	0.038953367	0.036625848	0.015132471
myo-Inositol	HMDB0000211	C00137	CHEBI:17268	2.713701386	3.431092805	4.54036214	2.307526662	1.441759018	3.18735651	4.706615121	4.165947827
D-Fructose	HMDB0000660	C00095	CHEBI:28645	0.998046873	0.838596348	10.85175952	5.813451308	16.27580569	9.519799933	9.886448498	9.073063604
Sorbitol	HMDB0000247	C00794	CHEBI:17924	0.355456006	0.409999964	0.701080155	0.474717598	0.928971733	0.846876038	0.759980996	0.541460999
D-Glucose	HMDB0000122	C00031	CHEBI:17925	3.663650391	4.881708656	8.829241628	2.349720342	19.17374539	13.72046847	12.05834105	8.985980464
Sucrose	HMDB0000258	C00089	CHEBI:17992	79.0724377	86.27202295	79.26080507	80.20685467	77.31425032	73.15502803	73.10007465	69.83897243
Laminaribiose	-	-	CHEBI:18411	0.851789122	0.943453108	1.468631623	1.261772499	0.710471785	0.827180077	0.791078931	0.572156834
Raffinose	HMDB0003213	C00492	CHEBI:16634	4.271416336	8.165485588	11.67993474	7.229598343	5.9115977	3.872041274	7.483835736	5.498113093
Cytidine triphosphate	HMDB0000082	C00063	CHEBI:37563	0.44249529	0.504675605	0.031288783	0.36323591	0.06475736	0.151344558	0.166457315	0.168281884
Uridine triphosphate	HMDB0000285	C00075	CHEBI:46398	0.518237395	0.619617649	0.063682923	0.513082662	0.285515695	0.645748698	0.52867861	0.480918423
Adenosine triphosphate	HMDB0000538	C00002	CHEBI:30616	1.771181649	2.011413575	0.255400066	1.369228463	0.54622389	1.50636196	1.116221483	1.103093326
Guanosine triphosphate	HMDB0001273	C00044	CHEBI:37565	0.455646486	0.487684396	0.222925724	0.477824515	0.030687436	0.116232404	0.117310607	0.124280418
Uridine 5'-diphosphate	HMDB0000295	C00015	CHEBI:58223	0.49602833	0.554419483	0.287874233	0.60069333	0.340421838	0.43642621	0.465441969	0.453421621
CDP	HMDB0001546	C00112	CHEBI:58069	0.2002096	0.217520793	0.072395872	0.183465738	0.030107768	0.038421705	0.046929113	0.044552542
NADPH	HMDB0000221	C00005	CHEBI:57783	0.051068547	0.015603912	0.099452634	0.042926354	0	0	0	0
ADP	HMDB0001341	C00008	CHEBI:456216	1.321618106	1.213434492	0.623667046	0.870871235	0.218843059	0.460050834	0.414203818	0.3773556
Guanosine diphosphate	HMDB0001201	C00035	CHEBI:58189	0.177795758	0.171908074	0.280970189	0.153589921	0.012277458	0.030731949	0.029417342	0
Acetyl-CoA	HMDB0001206	C00024	CHEBI:57288	0	0	0	0	0	0.043418294	0.013845504	0
NADP	HMDB0000217	C00006	CHEBI:58349	0.409528243	0.543765839	0.365213078	0.583393871	0.2930542	0.339102829	0.32057779	0.391568095
Uridine 5'-monophosphate	HMDB0000288	C00105	CHEBI:57865	0.756984618	0.720250886	1.107058323	0.869049823	0.318795521	0.124404856	0.360236067	0.400283253
Cytidine monophosphate	HMDB0000095	C00055	CHEBI:60377	0.388060359	0.401062302	0.559916189	0.411530376	0.061797398	0.260728551	0.056672837	0.10945472
Inosinic acid	HMDB0000175	C00130	CHEBI:58053	0.221398111	0.217942993	0.269182571	0.246636093	0.042772107	0	0.031649909	0.058787776
Guanosine monophosphate	HMDB0001397	C00144	CHEBI:58115	0.032251256	0.007559405	0.042152199	0.01795826	0.00506576	0	0	0
Adenosine monophosphate	HMDB0000045	C00020	CHEBI:456215	1.096236073	1.21702349	1.436553829	1.146692392	0.216309307	0.110841941	0.261560039	0.318188027
Cinnamic acid	HMDB0000567	C10438	CHEBI:15669	0.168238932	0.508550469	0.466966101	0.482282703	0.291344588	0.481415597	0.493195448	0.428085444
Ascorbate	-	C00072	CHEBI:38290	15.11407888	17.75683871	24.3016061	23.13467295	0	0	0	6.970258352
Cyclic AMP	HMDB0000058	C00575	CHEBI:58165	0.173356375	0.042556976	0.00419133	0	0	0	0	0
Glutathione	HMDB0000125	C00051	CHEBI:57925	17.92437276	10.87642288	9.809466164	9.716596898	5.088343832	8.160860971	6.502065236	7.347117488
NAD	HMDB0000902	C00003	CHEBI:57540	2.087756251	2.517076313	2.428326807	2.14602695	0.461879728	0.473077982	0.501148936	0.63155909
